{
    "no": {
        "precision": 0.8892561983471075,
        "recall": 0.9817518248175182,
        "f1-score": 0.9332176929748482,
        "support": 1096.0
    },
    "yes": {
        "precision": 0.6923076923076923,
        "recall": 0.25139664804469275,
        "f1-score": 0.36885245901639346,
        "support": 179.0
    },
    "accuracy": 0.8792156862745099,
    "macro avg": {
        "precision": 0.7907819453273999,
        "recall": 0.6165742364311055,
        "f1-score": 0.6510350759956208,
        "support": 1275.0
    },
    "weighted avg": {
        "precision": 0.8616061727933387,
        "recall": 0.8792156862745099,
        "f1-score": 0.853985240521073,
        "support": 1275.0
    }
}